{
  "impl": "stockpure",
  "dataset": "hf_bitcoin",
  "resample": "1H",
  "context": 96,
  "horizon": 24,
  "train_ratio": 0.8,
  "epochs": 3,
  "batch_size": 64,
  "lr": 0.001,
  "device": "cpu",
  "train_time_s": 2.5433175999787636,
  "infer_time_ms_mean": 7.164154543054544,
  "infer_time_ms_std": 1.1249595604447244,
  "metrics": {
    "model": {
      "MAE": 20657.8359375,
      "RMSE": 20796.744140625,
      "MAPE": 0.9984979033470154
    },
    "naive": {
      "MAE": 20689.228515625,
      "RMSE": 20829.962890625,
      "MAPE": 0.9999343752861023
    },
    "seasonal_naive": {
      "MAE": 20689.298828125,
      "RMSE": 20830.03125,
      "MAPE": 0.9999377727508545
    }
  }
}